name,function,country,discipline
PEDRERO Ofelia,Coach,Mexico,Artistic Swimming
RADHI SHENAISHIL,Head Coach,Iraq,Football
AFLAKIKHAMSEH Majid,Coach,IR Iran,Taekwondo
YOUSEFY Mehrdad,Coach,IR Iran,Taekwondo
MADDAH Minoo,Coach,IR Iran,Taekwondo
LOFTUS Adriana,Coach,Mexico,Artistic Swimming
FERRARA Fernando,Head Coach,Argentina,Hockey
GULLA Alejandra,Assistant Coach,Argentina,Hockey
CAPURRO Santiago,Assistant Coach,Argentina,Hockey
RONCONI Mariano,Head Coach,Argentina,Hockey
PAULON Ezequiel,Assistant Coach,Argentina,Hockey
VILA Matias,Assistant Coach,Argentina,Hockey
KHEIRKHAH HAJIRASOULIAN Mohammadre.,Coach,IR Iran,Artistic Gymnastics
DAVIS DIAZ David,Coach,Mexico,Taekwondo
MENDOZA MORA Abel,Coach,Mexico,Taekwondo
VICTORIA ESPINOSA de los Alfonso,Coach,Mexico,Taekwondo
MILANO Guillermo,Head Coach,Argentina,Handball
GOMEZ CORA Santiago,Head Coach,Argentina,Rugby Sevens
GRAVANO Leonardo,Assistant Coach,Argentina,Rugby Sevens
FILIORIANU Ana Luiza,Coach,Romania,Rhythmic Gymnastics
SMAILI Badr,Coach,Morocco,Taekwondo
OCEGUERA ORNELAS Pavel,Coach,Mexico,Artistic Gymnastics
VALENZUELA GOMEZ Maria,Coach,Mexico,Artistic Gymnastics
MEZA PADILLA Jose,Coach,Mexico,Artistic Gymnastics
AGUILAR ROJAS Blajaith,Coach,Mexico,Rhythmic Gymnastics
FURALEV Vladislav,Coach,Mexico,Rhythmic Gymnastics
UPTON Patrick Anthony Howard,Coach,India,Hockey
SCHOPMAN Johanna Dorothea Maria,Coach,India,Hockey
HALKETT Rhett Kennedy,Assistant Coach,India,Hockey
FULTON Craig Arthur,Head Coach,India,Hockey
FARRY Anthony James,Coach,India,Hockey
THORPE Karen,Coach,Great Britain,Artistic Swimming
TOMOMATSU Yumiko,Coach,Great Britain,Artistic Swimming
CURRAN Orlaith,Assistant Coach,Ireland,Rugby Sevens
NASKAR Arup,Coach,India,Hockey
CHINNASAMY Ashok Kumar,Coach,India,Hockey
BUSNARI Alberto,Coach,Italy,Artistic Gymnastics
COCCIARO Giuseppe,Coach,Italy,Artistic Gymnastics
FORTUNA Marco,Coach,Italy,Artistic Gymnastics
BERGAMELLI Monica Roberta,Coach,Italy,Artistic Gymnastics
CHIRILCENCO Marc Michel,Coach,Algeria,Artistic Gymnastics
HAMICI Saad Eddine,Coach,Algeria,Artistic Gymnastics
HERRANZ MARTIN Miguel Angel,Coach,Spain,Taekwondo
RAMAL MUNOZ Jesus,Coach,Spain,Taekwondo
SEIJO GIEBELS Christian Jaime,Coach,Spain,Taekwondo
TOLEDO AROCA Antonio,Coach,Spain,Taekwondo
YAGUE ENRIQUE Brigida,Coach,Spain,Taekwondo
JONES Gilmar,Coach,Suriname,Taekwondo
DIMITROVA Vesela,Coach,Bulgaria,Rhythmic Gymnastics
STOYNEVA Yasena,Coach,Bulgaria,Rhythmic Gymnastics
MARKOVA Branimira,Coach,Bulgaria,Rhythmic Gymnastics
PAMUKOVA Mariyana,Coach,Bulgaria,Rhythmic Gymnastics
IVANOVA Valentina,Coach,Bulgaria,Rhythmic Gymnastics
LEE Eui Yong,Coach,Gambia,Taekwondo
ARILL Samuel,Assistant Coach,Puerto Rico,Basketball
MORALES OTERO Carlos,Assistant Coach,Puerto Rico,Basketball
BATISTA Gerardo,Coach,Puerto Rico,Basketball
COTUTIU Florin,Coach,Romania,Artistic Gymnastics
JONES Daymon,Coach,Romania,Artistic Gymnastics
KIENS Patrick,Coach,Romania,Artistic Gymnastics
MOROSAN Corina,Coach,Romania,Artistic Gymnastics
VOINEA Camelia,Coach,Romania,Artistic Gymnastics
BERBECAR Marius,Coach,Romania,Artistic Gymnastics
LIU Tsung-Ta,Coach,Chinese Taipei,Taekwondo
GEORGALLAS Irodotos,Coach,Cyprus,Artistic Gymnastics
PETRIDIS Panagiotis,Coach,Cyprus,Artistic Gymnastics
FLANNERY Eimear,Assistant Coach,Ireland,Rugby Sevens
SHIPPI Panayiotis,Coach,Cyprus,Artistic Gymnastics
TRIKOMITI Chrystalleni,Coach,Cyprus,Rhythmic Gymnastics
DEACU George,Assistant Coach,Romania,Water Polo
RATH Bogdan,Head Coach,Romania,Water Polo
ARIAS Ramon,Coach,Chile,Taekwondo
WIBERG Johanna,Assistant Coach,Sweden,Handball
FORSBERG Thomas,Assistant Coach,Sweden,Handball
AXNER Tomas,Head Coach,Sweden,Handball
DIOVOL Alioune,Coach,Senegal,Taekwondo
da ROCHA Cristiano,Head Coach,Brazil,Handball
ALTENBURG Valentin,Head Coach,Germany,Hockey
HENNING Andre,Head Coach,Germany,Hockey
SCHMITZ Johannes,Assistant Coach,Germany,Hockey
ARKELL Robin,Coach,Germany,Hockey
GADEMAN Pasha,Assistant Coach,Germany,Hockey
WEIDINGER Markus,Coach,Austria,Taekwondo
SOLBERG Glenn,Head Coach,Sweden,Handball
SVENSSON Tomas,Assistant Coach,Sweden,Handball
APELGREN Michael,Assistant Coach,Sweden,Handball
TANKOUCHEV Milko,Coach,Bulgaria,Artistic Gymnastics
YANEV Filip,Coach,Bulgaria,Artistic Gymnastics
WINIARSKI Michal,Head Coach,Germany,Volleyball
RANNER Thomas,Assistant Coach,Germany,Volleyball
POSMYK Dominik,Assistant Coach,Germany,Volleyball
SALLAH Mariama M.,Coach,Gambia,Taekwondo
TUMILTY Mark,Head Coach,Ireland,Hockey
TOTH Balazs,Coach,Germany,Taekwondo
QUSAI MUNIR,Assistant Coach,Iraq,Football
CRUZ LOPEZ Jose L,Assistant Coach,Puerto Rico,Basketball
COLON Nelson,Coach,Puerto Rico,Basketball
CRUZ Rafael,Assistant Coach,Puerto Rico,Basketball
BESHEER Gamal,Coach,Egypt,Artistic Gymnastics
MOHAMED Ahmed,Coach,Egypt,Artistic Gymnastics
ABDELMEGUID Zakaria,Coach,Egypt,Artistic Gymnastics
MOHAMED Mayar,Coach,Egypt,Rhythmic Gymnastics
HUSSEIN Noha,Coach,Egypt,Rhythmic Gymnastics
MOUNDOUNGA KOMBILA Stephane,Coach,Gabon,Taekwondo
MLADENOVA Albena,Coach,Austria,Artistic Swimming
AL-ASSAF Faris,Coach,Jordan,Taekwondo
ALSADEQ Yazan,Coach,Jordan,Taekwondo
ALJALLAD Riham,Coach,Jordan,Taekwondo
KRAVCHENKO Sergiy,Assistant Coach,Ukraine,Football
ROTAN Ruslan,Head Coach,Ukraine,Football
SIREKANYAN Gurgen,Coach,Jordan,Artistic Gymnastics
FREHSE Gabriele,Coach,Austria,Artistic Gymnastics
SAHIN Ali,Coach,Türkiye,Taekwondo
TAZEGUL Servet,Coach,Türkiye,Taekwondo
BABEL Vincent,Coach,Suriname,Taekwondo
GOKTEKIN Yilmaz,Coach,Türkiye,Artistic Gymnastics
NURI Tufan,Coach,Türkiye,Artistic Gymnastics
GOJKOVIC Vladimir,Head Coach,Montenegro,Water Polo
TOMAS Toni,Coach,Great Britain,Taekwondo
LAURA Veljko,Coach,Croatia,Taekwondo
MESAROV Dejan,Coach,Croatia,Taekwondo
GALAMBOS Bence,Coach,Hungary,Taekwondo
MARTON Luana,Coach,Hungary,Taekwondo
SALIM Gergely,Coach,Hungary,Taekwondo
SALIM Sharif Gergely,Coach,Hungary,Taekwondo
MIKKONEN Suvi,Coach,Hungary,Taekwondo
ROUSSEAUX Emile,Head Coach,France,Volleyball
ANDRE Felix,Assistant Coach,France,Volleyball
GAUTHIER Charles,Assistant Coach,France,Volleyball
TOUPANE Jean Aime,Coach,France,Basketball
MELAIN Catherine,Assistant Coach,France,Basketball
GAUTIER David,Assistant Coach,France,Basketball
HALIN Gregory,Coach,France,Basketball
LEONARD Christophe,Coach,France,Basketball
COLLET Vincent,Coach,France,Basketball
DONNADIEU Pascal,Assistant Coach,France,Basketball
ATKINSON Kenny,Assistant Coach,France,Basketball
NELHOMME Ruddy,Coach,France,Basketball
GOMIS Joseph,Coach,France,Basketball
CIAMARRA Roberto,Assistant Coach,France,Volleyball
GEILER Loic,Assistant Coach,France,Volleyball
GIANI Andrea,Head Coach,France,Volleyball
WENG Shih-Hang,Coach,Chinese Taipei,Artistic Gymnastics
TSAI Heng-Cheng,Coach,Chinese Taipei,Artistic Gymnastics
SANTARELLI Daniele,Head Coach,Türkiye,Volleyball
FLISI Diego,Assistant Coach,Türkiye,Volleyball
ZOTTA Andrea,Assistant Coach,Türkiye,Volleyball
VATANSEVER Recep,Assistant Coach,Türkiye,Volleyball
DARET Jerome,Head Coach,France,Rugby Sevens
KRUMBHOLZ Olivier,Head Coach,France,Handball
GARDILLOU Sebastien,Assistant Coach,France,Handball
LEYNAUD Amandine,Assistant Coach,France,Handball
GALKIN Evgeniy,Coach,Uzbekistan,Artistic Gymnastics
ABDUSAMATOV Khusniddin,Coach,Uzbekistan,Artistic Gymnastics
MWEMA Kevin,Head Coach,Kenya,Rugby Sevens
AMONDE Andrew,Assistant Coach,Kenya,Rugby Sevens
KISIA Louis,Assistant Coach,Kenya,Rugby Sevens
HRUBESCH Horst,Head Coach,Germany,Football
CARLSON Britta,Assistant Coach,Germany,Football
FUCHS Michael,Goalkeeper Coach,Germany,Football
NOERENBERG Thomas,Assistant Coach,Germany,Football
MUKHAMEDOVA Rano,Coach,Uzbekistan,Rhythmic Gymnastics
VLASOVA Liliya,Coach,Uzbekistan,Rhythmic Gymnastics
KHAN Pavel,Coach,Uzbekistan,Taekwondo
RAFALOVICH Maksim,Coach,Uzbekistan,Taekwondo
KHAN Vladimir,Coach,Uzbekistan,Taekwondo
BAYKUZIYEV Jasur,Coach,Uzbekistan,Taekwondo
PAKKAN Saim,Assistant Coach,Serbia,Volleyball
NISHIIRI Toshihiro,Goalkeeper Coach,Japan,Football
IKEDA Futoshi,Head Coach,Japan,Football
MIYAMOTO Tomomi,Assistant Coach,Japan,Football
MENEZES Jude,Head Coach,Japan,Hockey
OZAWA Kazuyuki,Assistant Coach,Japan,Hockey
ERSIMSEK Ahmetcan,Assistant Coach,Serbia,Volleyball
ROTHMAN Neville,Assistant Coach,Ireland,Hockey
GELLE Noemi Katalin,Coach,Hungary,Rhythmic Gymnastics
NAGANUMA Atsushi,Assistant Coach,Japan,Water Polo
HAZUI Shota,Assistant Coach,Japan,Water Polo
SHIOTA Yoshinori,Head Coach,Japan,Water Polo
KAWAI Mayo,Coach,Japan,Artistic Swimming
KASHIMA Tomoyo,Coach,Japan,Artistic Swimming
NAKAJIMA Takako,Coach,Japan,Artistic Swimming
KAPADZE Timur,Head Coach,Uzbekistan,Football
CHIGODAEV Sergey,Assistant Coach,Uzbekistan,Football
GILLE Guillaume,Head Coach,France,Handball
MATHE Erick,Assistant Coach,France,Handball
ALONSO TAPIA Rosendo,Coach,France,Taekwondo
ALONSO TAPIA Gulsah,Coach,France,Taekwondo
JUNG Woomin,Coach,France,Taekwondo
WILLE Jonas,Head Coach,Norway,Handball
EGE Steinar,Assistant Coach,Norway,Handball
BOQUIST Martin,Assistant Coach,Norway,Handball
OLSSON Mats,Assistant Coach,Norway,Handball
HERGEIRSSON Thorir,Head Coach,Norway,Handball
LARSEN Tonje,Assistant Coach,Norway,Handball
JOERGENSEN Michael,Coach,Norway,Taekwondo
DRASOCZKY Imre,Coach,Hungary,Artistic Gymnastics
BRUUN Michael,Assistant Coach,Denmark,Handball
JOERGENSEN Lars,Assistant Coach,Denmark,Handball
KRONBORG Henrik,Assistant Coach,Denmark,Handball
JACOBSEN Nikolaj,Head Coach,Denmark,Handball
JENSEN Jesper,Head Coach,Denmark,Handball
SOYEZ Frederic,Head Coach,France,Hockey
SALA Ramon,Assistant Coach,France,Hockey
LOMBI Jorge,Assistant Coach,France,Hockey
SZUCS Robert,Coach,Hungary,Artistic Gymnastics
TRENKA Janos,Coach,Hungary,Artistic Gymnastics
HARVEY Mike,Coach,Great Britain,Taekwondo
MAIZEROI Torann,Coach,Great Britain,Taekwondo
MILLER Nelson,Coach,Great Britain,Taekwondo
STAMPER Martin,Coach,Great Britain,Taekwondo
POLJAKOVA Shanna,Coach,Germany,Artistic Gymnastics
BELENKI Valeri,Coach,Germany,Artistic Gymnastics
CATANOIU Grigore,Coach,Germany,Artistic Gymnastics
BRYLOK Hubert,Coach,Germany,Artistic Gymnastics
TEMME Kay,Coach,Germany,Artistic Gymnastics
PFEFFER Camilla,Coach,Germany,Rhythmic Gymnastics
RASKINA Yuliya,Coach,Germany,Rhythmic Gymnastics
CAMICIOTTI Giacomo,Coach,Germany,Artistic Gymnastics
DUNAVSKA MINEKOVA Kameliya,Coach,Germany,Rhythmic Gymnastics
PARECKI Antoni Jerzy,Assistant Coach,Japan,Handball
SNYMAN Philip,Head Coach,South Africa,Rugby Sevens
LUCKAN Ghafoer,Assistant Coach,South Africa,Rugby Sevens
GONZALEZ NUNEZ Arlen,Coach,Cuba,Taekwondo
SHARABI Yechiam,Coach,Israel,Taekwondo
BLECHER SIDOROVA Svetlana,Coach,Israel,Artistic Swimming
ABDELRAHMAN Osama,Coach,Egypt,Taekwondo
YOUSSEF Mohamed,Coach,Egypt,Taekwondo
ZAITSEVA Olesia,Coach,Ukraine,Artistic Swimming
SARTYNSKYI Gennadii,Coach,Ukraine,Artistic Gymnastics
GORBACHEVA Iryna,Coach,Ukraine,Artistic Gymnastics
KAIUKOVA Iuliia,Coach,Ukraine,Artistic Gymnastics
DERYUGINA Iryna,Coach,Ukraine,Rhythmic Gymnastics
BLOKHINA Iryna,Coach,Ukraine,Rhythmic Gymnastics
KARDASH Maryna,Coach,Ukraine,Rhythmic Gymnastics
VASYLIEVA Marharyta,Coach,Ukraine,Rhythmic Gymnastics
KHOLOD Maryna,Coach,New Zealand,Artistic Swimming
RA Sanghyun,Coach,Fiji,Taekwondo
KIM Hyou Mi,Coach,Korea,Artistic Swimming
ROSILLO ATENCIA Jose Antonio,Coach,Norway,Taekwondo
LAI Yawen,Assistant Coach,China,Volleyball
HERBERT Gordie,Coach,Germany,Basketball
THOMAIDIS Lisa,Coach,Germany,Basketball
PARSONS Sidney,Assistant Coach,Germany,Basketball
MEADOWS Clarissa,Assistant Coach,Germany,Basketball
THUSS Anne,Coach,Germany,Basketball
PERWAS Klaus,Assistant Coach,Germany,Basketball
BRIELMEIER Bret,Coach,Germany,Basketball
HERBERT Daniel,Assistant Coach,Germany,Basketball
REVINGTON Paul,Head Coach,Great Britain,Hockey
BROWNE Kwan,Coach,Great Britain,Hockey
GLYNN Katie,Assistant Coach,Great Britain,Hockey
HICKMAN Mark,Coach,Great Britain,Hockey
PAUL Jody,Coach,Great Britain,Hockey
RALPH David,Head Coach,Great Britain,Hockey
SIEBEN Craig,Coach,Great Britain,Hockey
GRESKOWIAK Arne,Coach,Germany,Basketball
HOLGUIN Ramon,Coach,Dominican Republic,Artistic Gymnastics
WUDTKE Erik,Assistant Coach,Germany,Handball
BEPPLER Jochen,Assistant Coach,Germany,Handball
ANDERSSON Mattias,Assistant Coach,Germany,Handball
GISLASON Alfred,Head Coach,Germany,Handball
GAUGISCH Markus,Head Coach,Germany,Handball
JANKOVIC Jasmina,Assistant Coach,Germany,Handball
HENRY Thierry,Head Coach,France,Football
BATICLE Gerald,Assistant Coach,France,Football
CLICHY Gael,Assistant Coach,France,Football
JANOT Jeremie,Goalkeeper Coach,France,Football
PEREIRA BRAVO Joao,Assistant Coach,Canada,Volleyball
SAMMELVUO Tuomas,Head Coach,Canada,Volleyball
HAWKINS Michael,Assistant Coach,Canada,Volleyball
ZHENG Wei,Coach,China,Basketball
JIA Nan,Coach,China,Basketball
PARK Myungsoo,Assistant Coach,China,Basketball
RUPEREZ Cesar,Assistant Coach,China,Basketball
USUI Tomohiro,Coach,Japan,Basketball
KONNO Kakeru,Assistant Coach,Japan,Basketball
SUZUKI Yoshikazu,Assistant Coach,Japan,Basketball
ONZUKA Toru,Coach,Japan,Basketball
SASSA Norio,Coach,Japan,Basketball
GAINES Corey,Assistant Coach,Japan,Basketball
HOVASSE Tom,Coach,Japan,Basketball
KATSUHISA Geoffrey,Assistant Coach,Japan,Basketball
CHOI Chatchai,Coach,Thailand,Taekwondo
SONKHAM Chanatip,Coach,Thailand,Taekwondo
RUSEK Pawel,Assistant Coach,Poland,Volleyball
GRBIC Nikola,Head Coach,Poland,Volleyball
SWACZYNA Adam,Assistant Coach,Poland,Volleyball
MATOSEVIC Valter,Assistant Coach,Croatia,Handball
SIGURDSSON Dagur,Head Coach,Croatia,Handball
SPOLJARIC Denis,Assistant Coach,Croatia,Handball
DUPUIS Kevin,Coach,France,Artistic Gymnastics
GEORGE Martine,Coach,France,Artistic Gymnastics
POTAPENKO Valentin,Coach,France,Artistic Gymnastics
HAGARD Monique,Coach,France,Artistic Gymnastics
BARANOVA VOLCHETSKAYA Anna,Coach,France,Rhythmic Gymnastics
BAYON Sara,Coach,France,Rhythmic Gymnastics
GUILLIERE Katia,Coach,France,Rhythmic Gymnastics
MILAN Gregory,Coach,France,Rhythmic Gymnastics
ABDELFATTAH Aziza,Coach,Egypt,Artistic Swimming
MOHAMED Mai,Coach,Egypt,Artistic Swimming
LATIF Yasmine,Coach,Egypt,Artistic Swimming
FABRE Julie,Coach,France,Artistic Swimming
OBRY Laure,Coach,France,Artistic Swimming
ANNEQUIN Marie,Coach,France,Artistic Swimming
ANGILLIS Pascal,Assistant Coach,Belgium,Basketball
KAISER Pierre-Yves,Coach,Belgium,Basketball
LORENT Jill,Assistant Coach,Belgium,Basketball
de SCHEPPER Bram,Coach,Belgium,Artistic Gymnastics
DECKX Stefan,Coach,Belgium,Artistic Gymnastics
RECKINGER Xavier,Assistant Coach,Belgium,Hockey
JEONG Eul Jin,Coach,Korea,Taekwondo
KANG Bo Hyeon,Coach,Korea,Taekwondo
LEE Dongchul,Coach,Korea,Taekwondo
OH Hyeri,Coach,Korea,Taekwondo
SON Hyo Bong,Coach,Korea,Taekwondo
BEAGLEY Michael,Coach,Great Britain,Artistic Gymnastics
CLAY Jenny,Coach,Great Britain,Artistic Gymnastics
COLLIE Barry,Coach,Great Britain,Artistic Gymnastics
HALL Paul,Coach,Great Britain,Artistic Gymnastics
HANN Scott,Coach,Great Britain,Artistic Gymnastics
HOWELLS Ben,Coach,Great Britain,Artistic Gymnastics
INCE Brett,Coach,Great Britain,Artistic Gymnastics
KENWRIGHT David,Coach,Great Britain,Artistic Gymnastics
RICHARDSON Joshua,Coach,Great Britain,Artistic Gymnastics
RICHARDSON Molly,Coach,Great Britain,Artistic Gymnastics
TRANDABURU Ionut,Coach,Great Britain,Artistic Gymnastics
JANKOVSKY Viktor,Coach,Czechia,Taekwondo
ZHEREBCHEVSKYI Anton,Coach,Czechia,Taekwondo
HYBRANT Bohuslav,Coach,Czechia,Taekwondo
FOULARD Gael,Head Coach,France,Hockey
JAQUET Nicolas,Assistant Coach,France,Hockey
LORANTOS Theodoros,Head Coach,France,Water Polo
DERENTY Lorene,Assistant Coach,France,Water Polo
BRUZZO Florian,Head Coach,France,Water Polo
KOBESCAK Vjekoslav,Assistant Coach,France,Water Polo
MENDEZ Marcelo,Head Coach,Argentina,Volleyball
LOPEZ Martin,Assistant Coach,Argentina,Volleyball
RICO GOLBA Pablo,Assistant Coach,Argentina,Volleyball
ALVAREZ Jorge,Coach,Argentina,Taekwondo
ARROYO Gavin,Assistant Coach,United States,Water Polo
UDOVICIC Dejan,Head Coach,United States,Water Polo
USTASZEWSKI Matt,Assistant Coach,United States,Water Polo
CAHILL Molly,Assistant Coach,United States,Water Polo
KRIKORIAN Adam,Head Coach,United States,Water Polo
OEDING Chris,Assistant Coach,United States,Water Polo
AMADOU Soumaila,Coach,Niger,Taekwondo
KWIEK Marcos,Head Coach,Dominican Republic,Volleyball
ROCHA PACHECO Wagner,Assistant Coach,Dominican Republic,Volleyball
YAMAMOTO Hayato,Assistant Coach,Japan,Rugby Sevens
AMOR Simon Daniel Edward,Head Coach,Japan,Rugby Sevens
SUZUKI Takashi,Head Coach,Japan,Rugby Sevens
SAKATA Takahiro,Assistant Coach,Japan,Rugby Sevens
UMEDA Koichi,Assistant Coach,Japan,Rugby Sevens
KANEMATSU Yuka,Assistant Coach,Japan,Rugby Sevens
SANCHEZ DURAN Wilson,Assistant Coach,Dominican Republic,Volleyball
ZHANG Xiaohuan,Coach,China,Artistic Swimming
WANG Jiuli,Coach,China,Artistic Swimming
HE Xiaochu,Coach,China,Artistic Swimming
SHEN Yingsha,Coach,China,Artistic Swimming
TARRES CAMPA Ana,Coach,China,Artistic Swimming
ZHAO Dantong,Coach,China,Artistic Swimming
BUGDAEV Kurban,Coach,Saudi Arabia,Taekwondo
ASMOLOV Natalia,Coach,Israel,Rhythmic Gymnastics
MAYRIN Ida,Coach,Israel,Rhythmic Gymnastics
SZUCS Krisztian,Coach,Hungary,Taekwondo
STSIAPANAVA Natalia,Coach,Israel,Rhythmic Gymnastics
VAISBURG Sergei,Coach,Israel,Artistic Gymnastics
KLEFNER BEN SHIMOL Moran,Coach,Israel,Artistic Gymnastics
ELNAFRAWY Mohamed,Assistant Coach,Egypt,Volleyball
BEN JABALLAH Maaouia,Coach,Tunisia,Archery
GUAN Jianmin,Coach,China,Taekwondo
KIM Young Jin,Coach,China,Taekwondo
KONG Fantao,Coach,China,Taekwondo
ZUSSMAN Ayelet,Coach,Israel,Rhythmic Gymnastics
SAMOFALOV Ela,Coach,Israel,Rhythmic Gymnastics
ARZA Carlos Vivier,Head Coach,Angola,Handball
CATITO Nelson,Assistant Coach,Angola,Handball
CAI Bin,Head Coach,China,Volleyball
LI Yanlong,Assistant Coach,China,Volleyball
YUAN Zhi,Assistant Coach,China,Volleyball
HYTTEL Tobias,Coach,Denmark,Taekwondo
SETTA Tarik,Coach,Denmark,Taekwondo
ACHARKI Aziz,Coach,Denmark,Taekwondo
TUCAK Ivica,Head Coach,Croatia,Water Polo
POSINKOVIC Renco,Assistant Coach,Croatia,Water Polo
MARELJA Jure,Assistant Coach,Croatia,Water Polo
COURTEIX David,Head Coach,France,Rugby Sevens
IGARZA Germain,Assistant Coach,France,Rugby Sevens
COULIBALY Abdoulaye,Assistant Coach,Mali,Football
DIALLO Badara Alou,Head Coach,Mali,Football
DUNPHY Marv,2nd Assistant Coach,United States,Volleyball
KIRALY Karch,Head Coach,United States,Volleyball
MIYASHIRO Tama,Assistant Coach,United States,Volleyball
REFT Alfee,Assistant Coach,United States,Volleyball
VIRTUE Erin,Assistant Coach,United States,Volleyball
BROWN Gareth,Coach,United States,Taekwondo
FUERBRINGER Matt,Assistant Coach,United States,Volleyball
SPERAW John,Head Coach,United States,Volleyball
WEBER Javi,Assistant Coach,United States,Volleyball
WALL Mike,Assistant Coach,United States,Volleyball
TOKUMOTO Yukito,Assistant Coach,Japan,Volleyball
BLAIN Philippe,Head Coach,Japan,Volleyball
FUKATSU Takayuki,Assistant Coach,Japan,Volleyball
ITOH Kenji,Assistant Coach,Japan,Volleyball
MANABE Masayoshi,Head Coach,Japan,Volleyball
KAWAKITA Gen,Assistant Coach,Japan,Volleyball
REZA Surian,Coach,New Zealand,Artistic Gymnastics
CHEN Wei,Coach,China,Artistic Gymnastics
HE Hua,Coach,China,Artistic Gymnastics
JIN Weiguo,Coach,China,Artistic Gymnastics
LI Dezhi,Coach,China,Artistic Gymnastics
LIU Jinyu,Coach,China,Artistic Gymnastics
LIU Tao,Coach,China,Artistic Gymnastics
LU le,Coach,China,Artistic Gymnastics
SUN Ping,Coach,China,Artistic Gymnastics
TENG Haibin,Coach,China,Artistic Gymnastics
WANG Liming,Coach,China,Artistic Gymnastics
XU Jinglei,Coach,China,Artistic Gymnastics
ZHANG Haiyan,Coach,China,Artistic Gymnastics
ZHENG Hao,Coach,China,Artistic Gymnastics
YE Sheng,Coach,China,Artistic Gymnastics
SOTOMURA Kazutoshi,Coach,Japan,Artistic Gymnastics
SHINTAKU Yuya,Coach,Japan,Artistic Gymnastics
TOYOSHIMA Risa,Coach,Japan,Artistic Gymnastics
TANAKA Hikaru,Coach,Japan,Artistic Gymnastics
SATO Hiroaki,Coach,Japan,Artistic Gymnastics
SAITO Yoshihiro,Coach,Japan,Artistic Gymnastics
JUN Jung Hooi,Coach,Tajikistan,Taekwondo
LIKHADZIYEUSKI Anatoli,Coach,AIN,Taekwondo
ANTONYAN Sahak,Coach,Armenia,Artistic Gymnastics
BERZHETS Viachaslau,Coach,AIN,Taekwondo
NAZARYAN Hayk,Coach,Armenia,Artistic Gymnastics
OGANESIANTC Avetis,Coach,AIN,Taekwondo
de GIORGI Ferdinando,Head Coach,Italy,Volleyball
CAPONERI Massimo,Assistant Coach,Italy,Volleyball
GIOLITO Nicola,Assistant Coach,Italy,Volleyball
VELASCO Julio,Head Coach,Italy,Volleyball
BARBOLINI Massimo,Assistant Coach,Italy,Volleyball
BERNARDI Lorenzo,Assistant Coach,Italy,Volleyball
van DAMME Koen,Coach,Belgium,Artistic Gymnastics
DUGONJIC Ivo Martin,Head Coach,Uruguay,Rugby Sevens
PUIG CARPANETO Gabriel,Assistant Coach,Uruguay,Rugby Sevens
PRUNSKAS Algimantas,Coach,Lithuania,Artistic Gymnastics
CAMPAGNA Alessandro,Head Coach,Italy,Water Polo
SILIPO Carlo,Head Coach,Italy,Water Polo
FARINELLI Roberta,Coach,Italy,Artistic Swimming
POMILIO Amedeo,Assistant Coach,Italy,Water Polo
GIALLOMBARDO Patrizia,Coach,Italy,Artistic Swimming
di CECCA Cosimino,Assistant Coach,Italy,Water Polo
JANECKOVA Katerina,Coach,Czechia,Artistic Gymnastics
LEAL COLMENAREZ Mario,Coach,Venezuela,Taekwondo
MOHAMMED Aisha,Coach,Nigeria,Basketball
GARCIA CABRERA David,Coach,Puerto Rico,Basketball
DELANEY Mike,Assistant Coach,New Zealand,Hockey
McALEESE Shea,Assistant Coach,New Zealand,Hockey
CLARK Gregg,Assistant Coach,New Zealand,Hockey
NICOL Greg,Head Coach,New Zealand,Hockey
MACKINTOSH Euan,Assistant Coach,New Zealand,Rugby Sevens
SWEENEY Cory,Head Coach,New Zealand,Rugby Sevens
GIBBS Rodney,Assistant Coach,New Zealand,Rugby Sevens
COCKER Edwin,Assistant Coach,New Zealand,Rugby Sevens
CAMA Tomasi,Head Coach,New Zealand,Rugby Sevens
ROSS Stu,Assistant Coach,New Zealand,Rugby Sevens
MURPHY Amanda,Assistant Coach,New Zealand,Rugby Sevens
McMASTER Travis,Assistant Coach,New Zealand,Rugby Sevens
ANNAN Alyson Regina,Head Coach,China,Hockey
LU Zhuan,Head Coach,China,Rugby Sevens
PASQUALETTI Massimo,Assistant Coach,China,Rugby Sevens
GOMEZ AGUERA Salvador Emilio,Assistant Coach,China,Water Polo
JANE GIRALT Juan,Head Coach,China,Water Polo
WU Zhiyu,Assistant Coach,China,Water Polo
QU Tao,Coach,China,Rhythmic Gymnastics
SUN Dan,Coach,China,Rhythmic Gymnastics
XU Yanshu,Coach,China,Rhythmic Gymnastics
BLIZNYUK Anastasia,Coach,China,Rhythmic Gymnastics
LARHOLM Erik Jonas,Assistant Coach,Korea,Handball
RADIC Vanja,Assistant Coach,Korea,Handball
SIGNELL Kurt Henrik,Head Coach,Korea,Handball
AGAFONTSEV Sergiy,Coach,"Hong Kong, China",Artistic Gymnastics
KRCE Lucijan,Coach,Croatia,Artistic Gymnastics
MADAREVIC Vladimir,Coach,Croatia,Artistic Gymnastics
MWAPE Bruce,Head Coach,Zambia,Football
LAVARINI Stefano,Head Coach,Poland,Volleyball
VETTORI Nicola,Assistant Coach,Poland,Volleyball
PACHLINSKI Krystian,Assistant Coach,Poland,Volleyball
SUFA Bartosz,Assistant Coach,Poland,Volleyball
NTHALA Charity,Assistant Coach,Zambia,Football
KOHLOFFEL Markus,Coach,EOR,Taekwondo
ZAREEI SHAMSABADI Manni,Coach,EOR,Taekwondo
SABAH Asif,Coach,EOR,Taekwondo
YUSSUPOVA Aliya,Coach,Kazakhstan,Rhythmic Gymnastics
DUISENGALIYEVA Danissa,Coach,Kazakhstan,Rhythmic Gymnastics
NOLANO Claudio,Coach,Italy,Taekwondo
ALFARO RODRIGUEZ Santiago,Assistant Coach,Uruguay,Rugby Sevens
LEE KIM Daniel,Coach,Uruguay,Taekwondo
RENARD Herve,Head Coach,France,Football
BONADEI Laurent,Assistant Coach,France,Football
BLAHIC Eric,Assistant Coach,France,Football
FOUACHE Gilles,Goalkeeper Coach,France,Football
MAMAYEV Nursultan,Coach,Kazakhstan,Taekwondo
KIM Kwangsu,Coach,Kazakhstan,Taekwondo
BESBAYEV Olzhas,Coach,Kazakhstan,Taekwondo
SAGYNAYEV Kanat,Coach,Kazakhstan,Taekwondo
DOBLER Mauro,Goalkeeper Coach,Argentina,Football
ECHEVERRY Alex,Assistant Coach,Colombia,Football
PHIRI Yona,Goalkeeper Coach,Zambia,Football
GRAND'PIERRE Naomy Hope,Coach,Haiti,Artistic Gymnastics
LAMBDIN Stephen,Coach,United States,Taekwondo
ABARCA Megan,Coach,United States,Artistic Swimming
MWILA Florence,Assistant Coach,Zambia,Football
ELFAKHARANY Hany,Assistant Coach,Egypt,Handball
SIERRA MENDEZ Jose Manuel,Assistant Coach,Egypt,Handball
PASTOR GOMEZ Juan Carlos,Head Coach,Egypt,Handball
VATKIN Vladimir,Coach,Kazakhstan,Artistic Gymnastics
KURBANOV Khussanzhan,Coach,Kazakhstan,Artistic Gymnastics
KENESSOV Sapargali,Coach,Kazakhstan,Artistic Gymnastics
ALMAAZMI Abdalla,Coach,Palestine,Taekwondo
RODRIGUEZ VAQUERO Jose Maria,Head Coach,Hungary,Handball
VELASCO ENCINAS Miguel Angel,Assistant Coach,Hungary,Handball
ZOLGHADRI Farzad,Coach,Bulgaria,Taekwondo
GOLOVIN Vlagyimir Alekszandrovics,Head Coach,Hungary,Handball
PIGNICZKI Krisztina,Assistant Coach,Hungary,Handball
MASCHERANO Javier,Head Coach,Argentina,Football
MARSIGLIA Angelo,Head Coach,Colombia,Football
RODRIGUEZ Lucas,Assistant Coach,Argentina,Football
STILLITANO Leandro,Assistant Coach,Argentina,Football
AGUILAR ESTRADA Eduardo,Assistant Coach,Spain,Hockey
CALDAS Maximiliano,Head Coach,Spain,Hockey
GARCIA CUENCA Carlos,Head Coach,Spain,Hockey
GAVILAN MORAL Diego Manuel,Coach,Spain,Hockey
GUTIERREZ ZULAICA Lorena,Coach,Spain,Hockey
IGLESIAS BILBAO Alejandro,Assistant Coach,Spain,Hockey
JARO MOLINA Rafael,Coach,Spain,Hockey
LAZARO REINA Jordi,Coach,Spain,Hockey
MOVELLAN de la MAZA Borja,Coach,Spain,Hockey
PALOMERO MARTIN Oscar,Coach,Spain,Hockey
PEREZ Carlos,Goalkeeper Coach,Colombia,Football
CANTWELL Lynne,Head Coach,South Africa,Rugby Sevens
DAZEL Renfred,Head Coach,South Africa,Rugby Sevens
MOLOPYANE Obakeng,Assistant Coach,South Africa,Rugby Sevens
PARKER Naasier,Head Coach,South Africa,Rugby Sevens
AFRIKA Cecil,Assistant Coach,South Africa,Rugby Sevens
WAKAMA Rena,Coach,Nigeria,Basketball
OLAJUWON Alon,Coach,Nigeria,Basketball
FUENTES Andrea,Coach,United States,Artistic Swimming
TEIXEIRA Lara,Coach,United States,Artistic Swimming
RUIZ CASAS Jairo,Coach,Colombia,Artistic Gymnastics
LIM Alison,Coach,Colombia,Artistic Gymnastics
ALONSO CALVO Adria,Coach,Spain,Artistic Gymnastics
BANGO MELCON Benjamin,Coach,Spain,Artistic Gymnastics
BOTELLA PEREZ de LANDAZAB Isaac,Coach,Spain,Artistic Gymnastics
CARRASCAL RUBIO Alvaro,Coach,Spain,Artistic Gymnastics
CASIMIRO ROS Javier,Coach,Spain,Artistic Gymnastics
GUISADO MUNOZ Lucia,Coach,Spain,Artistic Gymnastics
MARTINEZ SANCHEZ Manuel Angel,Coach,Spain,Artistic Gymnastics
MIR HOMAR Pedro,Coach,Spain,Artistic Gymnastics
RUEDA BRAVO Eva,Coach,Spain,Artistic Gymnastics
SAN JOSE CRISTOBAL Almudena,Coach,Spain,Artistic Gymnastics
BROWN LOPEZ Dagmara,Coach,Spain,Rhythmic Gymnastics
FERRANDEZ ARENAS Monica,Coach,Spain,Rhythmic Gymnastics
GARCIA GARCES Maria,Coach,Spain,Rhythmic Gymnastics
LINARES GARCIA Marta,Coach,Spain,Rhythmic Gymnastics
MALCHAIR SELECQUE Caroline Martine,Coach,Spain,Rhythmic Gymnastics
PELAZ MOTA Ana,Coach,Spain,Rhythmic Gymnastics
QUEREDA FLORES Alejandra,Coach,Spain,Rhythmic Gymnastics
KASSMAN Edward,Coach,Papua New Guinea,Taekwondo
PABLO Jose,Assistant Coach,Angola,Handball
FERREIRINHA Jose,Coach,Portugal,Artistic Gymnastics
CAPORN Adam,Assistant Coach,Australia,Basketball
GOORJIAN Brian,Coach,Australia,Basketball
CHAMBERS Cheryl,Assistant Coach,Australia,Basketball
PATRICK David,Coach,Australia,Basketball
NIELSEN Matt,Assistant Coach,Australia,Basketball
GORISS Paul,Assistant Coach,Australia,Basketball
CARROLL Ryan,Coach,Australia,Basketball
BRONDELLO Sandy,Coach,Australia,Basketball
SEEBHOM Shannon,Coach,Australia,Basketball
PYSMENNA Oksana,Coach,Korea,Artistic Swimming
CHOI Jungyeol,Coach,Korea,Artistic Gymnastics
KIM Daeeun,Coach,Korea,Artistic Gymnastics
KIM Jihoon,Coach,Korea,Artistic Gymnastics
LEE Sunsung,Coach,Korea,Artistic Gymnastics
MIN Ayoung,Coach,Korea,Artistic Gymnastics
CSEH Sandor Viktor,Assistant Coach,Hungary,Water Polo
MUNALA Japheth,Head Coach,Kenya,Volleyball
BARASA James,Assistant Coach,Kenya,Volleyball
MIHOK Attila,Head Coach,Hungary,Water Polo
TORTOSA Hugo,Coach,Lesotho,Taekwondo
TOPARI Yusuf,Coach,Australia,Artistic Gymnastics
MITCHELL Katie,Coach,Australia,Rhythmic Gymnastics
BARABACH Mikhail,Coach,Australia,Artistic Gymnastics
WILSON Sean,Coach,Australia,Artistic Gymnastics
BELAN Tatsiana,Coach,Australia,Rhythmic Gymnastics
LI Xiaoqing,Coach,Australia,Artistic Gymnastics
DOUMBIA Bounafou,Goalkeeper Coach,Mali,Football
BARRETO Diego,Goalkeeper Coach,Paraguay,Football
DENIA Santi,Head Coach,Spain,Football
GORDO David,Assistant Coach,Spain,Football
MARTINEZ Ruben,Goalkeeper Coach,Spain,Football
ZIMMERMANN Matthieu,Coach,Belgium,Artistic Gymnastics
EHREN Raoul,Head Coach,Belgium,Hockey
McLEOD Shane,Assistant Coach,Belgium,Hockey
GAMBLUCH Leonardo,Coach,Belgium,Taekwondo
VARGA Zsolt,Head Coach,Hungary,Water Polo
UGLESSICH Mariano,Assistant Coach,Paraguay,Football
HAYES Emma,Head Coach,United States,Football
REDDY Denise,Assistant Coach,United States,Football
SEARLE Stuart,Goalkeeper Coach,United States,Football
JARA SAGUIER Carlos,Head Coach,Paraguay,Football
COVELO Alex,Assistant Coach,United States,Football
MITROVIC Marko,Head Coach,United States,Football
PAYNE Russell,Goalkeeper Coach,United States,Football
SEGARES Gonzalo,Assistant Coach,United States,Football
MAYNE Michael,Head Coach,New Zealand,Football
REED Duncan,Goalkeeper Coach,New Zealand,Football
BAZELEY Darren,Head Coach,New Zealand,Football
GOTHARD Paul,Goalkeeper Coach,New Zealand,Football
READINGS Tony,Assistant Coach,New Zealand,Football
ELLIOTT Simon,Assistant Coach,New Zealand,Football
SARVER Keri,Assistant Coach,New Zealand,Football
POTTER Anthony,Assistant Coach,Australia,Hockey
BATCH Colin,Head Coach,Australia,Hockey
STANIFORTH Dave,Coach,Australia,Hockey
MURRAY Emma,Assistant Coach,Australia,Hockey
PURVIS Hugh,Assistant Coach,Australia,Hockey
DAVY Jeremy,Coach,Australia,Hockey
POWELL Katrina,Head Coach,Australia,Hockey
HAMMOND Rob,Coach,Australia,Hockey
LU Xiaohui,Head Coach,China,Rugby Sevens
ZHU Jiangtao,Head Coach,China,Rugby Sevens
MA Chong,Head Coach,China,Rugby Sevens
ZHU Jing,Head Coach,China,Rugby Sevens
CARNELI Ryan,Coach,Australia,Taekwondo
LEE Seokhun,Coach,Australia,Taekwondo
MACCARANI Emanuela,Coach,Italy,Rhythmic Gymnastics
ROVETTA Valentina,Coach,Italy,Rhythmic Gymnastics
MANCINELLI Claudia,Coach,Italy,Rhythmic Gymnastics
ABDULLAYEV Mammad,Coach,Azerbaijan,Taekwondo
RADONIC Vesna,Coach,Montenegro,Rhythmic Gymnastics
YANITSAS Andrew,Assistant Coach,Australia,Water Polo
DENIS Eddie,Assistant Coach,Australia,Water Polo
RIPPON Bec,Head Coach,Australia,Water Polo
WOODS Taryn,Assistant Coach,Australia,Water Polo
HAMILL Tim,Head Coach,Australia,Water Polo
SULTANOV Yesbol,Coach,Tunisia,Taekwondo
HECHMI Jendoubi,Coach,Tunisia,Taekwondo
MARTIN CEDRES Ambrosio Jose,Head Coach,Spain,Handball
MONTES AGUERA Cesar Jesus,Assistant Coach,Spain,Handball
PRADES PONS Jose Ignacio,Assistant Coach,Spain,Handball
RIBERA ROMANS Jordi,Head Coach,Spain,Handball
JAKOVLJEVIC Nenad,Coach,Serbia,Basketball
KOSTIC Oliver,Assistant Coach,Serbia,Basketball
MARINOVIC Marko,Assistant Coach,Serbia,Basketball
PESIC Svetislav,Coach,Serbia,Basketball
STOJAKOVIC Ognjen,Coach,Serbia,Basketball
SEKULIC Marko,Coach,Serbia,Basketball
BUTULIJA Dajana,Assistant Coach,Serbia,Basketball
DRLJACA Ljubica,Assistant Coach,Serbia,Basketball
MALJKOVIC Marina,Coach,Serbia,Basketball
PAGE Danielle Nicole,Coach,Serbia,Basketball
BEATTIE Ciaran,Head Coach,Great Britain,Rugby Sevens
NOLAN James,Assistant Coach,Great Britain,Rugby Sevens
PUGH Richie,Head Coach,Great Britain,Rugby Sevens
RIDDELL Scott,Assistant Coach,Great Britain,Rugby Sevens
ROQUES Tony,Head Coach,Great Britain,Rugby Sevens
JANIC Bojan,Assistant Coach,Serbia,Volleyball
JEVTIC Ivica,Assistant Coach,Serbia,Volleyball
KOLAKOVIC Igor,Head Coach,Serbia,Volleyball
MAJSTOROVIC Neven,Assistant Coach,Serbia,Volleyball
BUTARBUTAR Eva,Coach,Indonesia,Artistic Gymnastics
BLAGOJEVIC Jelena,Assistant Coach,Serbia,Volleyball
GUIDETTI Giovanni,Head Coach,Serbia,Volleyball
TUDELA PERRET Matias,Head Coach,Spain,Rugby Sevens
HERNANDEZ JIMENEZ Francisco de Pau.,Head Coach,Spain,Rugby Sevens
KOCH Ulla,Coach,Belgium,Artistic Gymnastics
van den HEUVEL Michel,Head Coach,Belgium,Hockey
MALDONADO Oscar,Coach,Dominican Republic,Taekwondo
MATEO BATISTA Ruddy,Coach,Dominican Republic,Taekwondo
LAACHRAOUI Mourad,Coach,Belgium,Taekwondo
MEZIANE Rachid,Coach,Belgium,Basketball
BARTON Emilee,Assistant Coach,Australia,Rugby Sevens
STANNARD James,Assistant Coach,Australia,Rugby Sevens
MANENTI John,Head Coach,Australia,Rugby Sevens
WALSH Timothy,Head Coach,Australia,Rugby Sevens
BYDWELL Emilie,Head Coach,United States,Rugby Sevens
TEST Zack,Assistant Coach,United States,Rugby Sevens
FORD Trey,Assistant Coach,United States,Rugby Sevens
FRIDAY Mike,Head Coach,United States,Rugby Sevens
GREENING Phil,Assistant Coach,United States,Rugby Sevens
FERREIRA Marcel,Coach,Brazil,Artistic Swimming
KARFUNKELSTEIN Rogerio,Coach,Brazil,Artistic Swimming
SPLITTER Tiago,Assistant Coach,Brazil,Basketball
HAMANO Yukiya,Goalkeeper Coach,Japan,Football
HANEDA Kenji,Assistant Coach,Japan,Football
OIWA Go,Head Coach,Japan,Football
CUNHA Thiago,Assistant Coach,Egypt,Football
ALBINO Cristiano,Coach,Brazil,Artistic Gymnastics
BISCALCHIN Daniel,Coach,Brazil,Artistic Gymnastics
PORATH Francisco,Coach,Brazil,Artistic Gymnastics
YASHENKO Iryna,Coach,Brazil,Artistic Gymnastics
ROSA Bruna,Coach,Brazil,Rhythmic Gymnastics
FEREZIN Camila,Coach,Brazil,Rhythmic Gymnastics
NAVES Marcia,Coach,Brazil,Rhythmic Gymnastics
PEREIRA Alexandro,Coach,Brazil,Rhythmic Gymnastics
FIGUEIREDO Tatiana,Coach,Brazil,Rhythmic Gymnastics
FUCHS Tracey,Assistant Coach,United States,Hockey
PASSMORE David,Head Coach,United States,Hockey
TELECHEA Javi,Assistant Coach,United States,Hockey
MATHEUS Carlos,Coach,Brazil,Artistic Swimming
DOMINGUES Felipe,Coach,Brazil,Artistic Swimming
POSSENTI Fernando,Coach,Brazil,Artistic Swimming
ONHA MARQUES Sergio,Coach,Brazil,Artistic Swimming
FEW Mark,Coach,United States,Basketball
KERR Steve,Coach,United States,Basketball
LUE Tyronn,Assistant Coach,United States,Basketball
SPOELSTRA Erik,Assistant Coach,United States,Basketball
LAWSON Kara,Coach,United States,Basketball
MILLER Curt,Coach,United States,Basketball
REEVE Cheryl,Coach,United States,Basketball
TAYLOR Joni,Assistant Coach,United States,Basketball
THIBAULT Mike,Assistant Coach,United States,Basketball
WRIGHT Tanisha,Coach,United States,Basketball
KOLINISAU Ratu Osea,Head Coach,Fiji,Rugby Sevens
ARENHART ALVES Ismael,Assistant Coach,Brazil,Rugby Sevens
BRODERICK William,Head Coach,Brazil,Rugby Sevens
FERRER Alexander,Coach,Brazil,Artistic Swimming
dos SANTOS Clayton,Coach,Brazil,Taekwondo
RIBEIRO Diego,Coach,Brazil,Taekwondo
NAMAUA Tikiko,Assistant Coach,Fiji,Rugby Sevens
KLAMBURG ROQUE Paula,Coach,Australia,Artistic Swimming
ONO Shoko,Coach,Australia,Artistic Swimming
SOARES Mateus Joao Felgueiras,Coach,Timor-Leste,Taekwondo
LUZON Guy,Head Coach,Israel,Football
CHOEN Haim,Assistant Coach,Israel,Football
BUTALA-KOVACIC Petra,Coach,Serbia,Taekwondo
JOVIC Dragan,Coach,Serbia,Taekwondo
SAVICEVIC Veljko,Coach,Serbia,Taekwondo
BUCHNIK Victor,Goalkeeper Coach,Israel,Football
BILIC Darko,Assistant Coach,Serbia,Water Polo
CIRIC Stefan,Assistant Coach,Serbia,Water Polo
STEVANOVIC Uros,Head Coach,Serbia,Water Polo
TAAFFE Robert,Coach,Ireland,Taekwondo
NSILU DILANDU Leroy,Coach,Ireland,Taekwondo
EFTIMOV Aleksandar,Coach,North Macedonia,Taekwondo
ADEL MOSTAFA,Assistant Coach,Egypt,Football
FUJIKI Mayuko,Coach,Spain,Artistic Swimming
JIMENEZ NIETO Cecilia,Coach,Spain,Artistic Swimming
REQUENA PERICAS Judit,Coach,Spain,Artistic Swimming
VEGA HERRERO Anna,Coach,Spain,Artistic Swimming
ANDREO GABAN Angel Luis,Assistant Coach,Spain,Water Polo
APARICIO SUNEN Antonio Francisco,Assistant Coach,Spain,Water Polo
IVANOV PIRALKOV Svilen,Assistant Coach,Spain,Water Polo
MARTIN LOZANO David,Head Coach,Spain,Water Polo
OCA GAIA Miguel Angel,Head Coach,Spain,Water Polo
VALLS NART Jordi,Assistant Coach,Spain,Water Polo
KERTESZNE BORKAI Anita,Coach,Hungary,Artistic Gymnastics
CAMPODONICO Marco,Coach,Italy,Artistic Gymnastics
CASELLA Enrico,Coach,Italy,Artistic Gymnastics
ZHOU Tianke,Coach,Lao PDR,Rhythmic Gymnastics
ALLER CARBALLO Manuel Angel,Coach,Spain,Basketball
CAMPS SAN JOSE Salvador,Coach,Spain,Basketball
FERNANDEZ TARGARONA Isaac,Coach,Spain,Basketball
GARCIA GUADARRAMA Victor Jesus,Coach,Spain,Basketball
GUIL Luis,Assistant Coach,Spain,Basketball
MENDEZ Miguel,Coach,Spain,Basketball
REY Luis,Assistant Coach,Spain,Basketball
PRADO BRANAS Joaquin,Coach,Spain,Basketball
SANCHEZ CANETE CALVO Angel Luis,Assistant Coach,Spain,Basketball
SCARIOLO Sergio,Coach,Spain,Basketball
URIETA GUTIERREZ Madelen,Assistant Coach,Spain,Basketball
CAREY Brian,Coach,United States,Artistic Gymnastics
LANDI Cecile,Coach,United States,Artistic Gymnastics
BRECKENRIDGE Grant,Coach,United States,Artistic Gymnastics
SUN Sonia,Coach,United States,Artistic Gymnastics
GRABA Jess,Coach,United States,Artistic Gymnastics
GAARENSTROOM Jordan,Coach,United States,Artistic Gymnastics
LANDI Laurent,Coach,United States,Artistic Gymnastics
KLIMOUK Natalia,Coach,United States,Rhythmic Gymnastics
CAESAR Syque,Coach,United States,Artistic Gymnastics
MIKULAK Sam,Coach,United States,Artistic Gymnastics
LIUKIN Valeri,Coach,United States,Artistic Gymnastics
BARRIEAU Jocelyn,Assistant Coach,Canada,Rugby Sevens
HANRATTY Jack,Head Coach,Canada,Rugby Sevens
MONAGHAN Iain,Assistant Coach,Canada,Rugby Sevens
JOYCE Jenn,Assistant Coach,Canada,Rugby Sevens
KONE Thierry,Coach,Côte d'Ivoire,Taekwondo
VOLAVOLA Timoci,Assistant Coach,Fiji,Rugby Sevens
TUIFUA Tevita,Head Coach,Tonga,Rugby Sevens
OTUMULI Mavae,Head Coach,Tonga,Rugby Sevens
VAIANGINA Ekitino,Head Coach,Tonga,Rugby Sevens
LIUTAI Malika,Head Coach,Tonga,Rugby Sevens
FULI Saiasi,Head Coach,Fiji,Rugby Sevens
TOPPING James,Head Coach,Ireland,Rugby Sevens
TEMPLE-JONES Allan,Head Coach,Ireland,Rugby Sevens
WONG Ka Wing,Coach,"Hong Kong, China",Taekwondo
MICALE Rogerio,Head Coach,Egypt,Football
LERGA Javier,Assistant Coach,Spain,Football
SANCHEZ Carlos,Goalkeeper Coach,Spain,Football
TOME Montse,Head Coach,Spain,Football
BAYER Steven,Coach,Belgium,Hockey
WHITE Tim,Assistant Coach,Belgium,Hockey
LOPEZ ROMERO Victor Hugo,Assistant Coach,Japan,Handball
ORTEGA PEREZ Antonio Carlos,Head Coach,Japan,Handball
ROCHA de REZENDE Bernardo,Head Coach,Brazil,Volleyball
RIBAS Giuliano,Assistant Coach,Brazil,Volleyball
LAGES GUIMARAES Jose Roberto,Head Coach,Brazil,Volleyball
DO REGO BARROS JUNIOR Paulo,Assistant Coach,Brazil,Volleyball
LEONALDO Roberley Luiz,Assistant Coach,Brazil,Volleyball
TABACH Ricardo,Assistant Coach,Brazil,Volleyball
COPPINI FERNANDES Wagner Luiz,Assistant Coach,Brazil,Volleyball
KEET Marcelle,Assistant Coach,South Africa,Hockey
BONNET Giles,Head Coach,South Africa,Hockey
GIL Carlos,Coach,Panama,Artistic Gymnastics
LAWRENCE Natalie,Assistant Coach,New Zealand,Football
HERST Jen,Goalkeeper Coach,Canada,Football
MANDER Jasmine,Assistant Coach,Canada,Football
PRIESTMAN Bev,Head Coach,Canada,Football
SPENCE Andy,Assistant Coach,Canada,Football
PARK Jae,Coach,Canada,Taekwondo
THORNTON Daniel,Coach,Canada,Taekwondo
LIMA Brian,Head Coach,Samoa,Rugby Sevens
PARADELO David,Head Coach,Canada,Water Polo
POSTERIVO Stefano,Assistant Coach,Canada,Water Polo
CAMPBELL Cora,Assistant Coach,Canada,Water Polo
IGLESIAS Rodrigo,Assistant Coach,Brazil,Football
ALCANTARA Edson,Goalkeeper Coach,Brazil,Football
ELIAS Arthur,Head Coach,Brazil,Football
LALOMILO Faamaoni,Assistant Coach,Samoa,Rugby Sevens
CIRKOVIC Vedran,Assistant Coach,Australia,Water Polo
CHERNETSKA Nataliya,Coach,Greece,Artistic Swimming
KAMMENOU Alexia Anna,Head Coach,Greece,Water Polo
LEMPESIS Xenofon,Assistant Coach,Greece,Water Polo
PYRPYRIS Anastasios,Assistant Coach,Greece,Water Polo
SCHIZAS Anastasios,Assistant Coach,Greece,Water Polo
VLACHOS Theodoros,Head Coach,Greece,Water Polo
KANTZOURIS Ilias,Assistant Coach,Greece,Basketball
SPANOULIS Vasilis,Coach,Greece,Basketball
RAFTIS Dimitrios,Coach,Greece,Artistic Gymnastics
JENNINGS Stephen,Coach,EOR,Taekwondo
FJELLSTROM Jens,Assistant Coach,Australia,Football
ANDREATTA Mel,Assistant Coach,Australia,Football
GUSTAVSSON Tony,Head Coach,Australia,Football
van ECK Richard,Assistant Coach,Netherlands,Water Polo
DOUDESIS Eva,Head Coach,Netherlands,Water Polo
MOGHANLOU Bijan,Coach,Egypt,Taekwondo
SICOT David Patrick,Coach,Lebanon,Taekwondo
SEKTIOUI Tarik,Head Coach,Morocco,Football
HADJI Youssouf,Assistant Coach,Morocco,Football
BADAWI Ghanem,Coach,Syria,Artistic Gymnastics
van der VEEN Jose,Coach,Netherlands,Artistic Gymnastics
WEVERS Vincent,Coach,Netherlands,Artistic Gymnastics
den UIJL Kevin,Coach,Netherlands,Artistic Gymnastics
JACOBS Jeroen,Coach,Netherlands,Artistic Gymnastics
KLEUSKENS Marcel,Coach,Netherlands,Artistic Gymnastics
KNIBBELER Daniel,Coach,Netherlands,Artistic Gymnastics
van MELDERT Dirk Jan,Coach,Netherlands,Artistic Gymnastics
CLARIJS Ricardo,Assistant Coach,Netherlands,Handball
JOHANSSON Per,Head Coach,Netherlands,Handball
GOUTSEVA Anastasia,Coach,Greece,Artistic Swimming
SOKOLOVA Natalia,Coach,Cyprus,Rhythmic Gymnastics
OGEYINGBO Ayodeji,Coach,Nigeria,Basketball
DERAEDT Laurent,Goalkeeper Coach,Morocco,Football
LESZNER Joe,Coach,Canada,Archery
TICHELMAN Thomas,Assistant Coach,Netherlands,Hockey
van ASS Paul,Head Coach,Netherlands,Hockey
DELMEE Jeroen,Head Coach,Netherlands,Hockey
VERBOOM Eric,Assistant Coach,Netherlands,Hockey
ALIYEVA Kamilla,Coach,Azerbaijan,Rhythmic Gymnastics
VILYAYEVA Yevgeniya,Coach,Azerbaijan,Rhythmic Gymnastics
VASILEVA Siyana,Coach,Azerbaijan,Rhythmic Gymnastics
GULIYEV Kamil,Coach,Azerbaijan,Rhythmic Gymnastics
KARIMLI Akif,Coach,Azerbaijan,Rhythmic Gymnastics
JAUMA CAYUELA Esther,Coach,Netherlands,Artistic Swimming
GIE Cheslyn,Head Coach,South Africa,Hockey
NTULI Siphesihle,Assistant Coach,South Africa,Hockey
GOMEZ Ibai,Head Coach,Dominican Republic,Football
RAMOS SANCHEZ Antonio,Coach,Côte d'Ivoire,Taekwondo
AMOREBIETA Fernando,Assistant Coach,Dominican Republic,Football
BRITEZ Cristhian,Goalkeeper Coach,Dominican Republic,Football
BALAN Adrian,Coach,Canada,Artistic Gymnastics
COWAN Lisa,Coach,Canada,Artistic Gymnastics
KIKUCHI David,Coach,Canada,Artistic Gymnastics
van HOOF Ed,Coach,Canada,Artistic Gymnastics
FALSETTA Ross,Coach,Great Britain,Artistic Gymnastics
DENG Ajou,Assistant Coach,South Sudan,Basketball
WIGNALL Rachel,Coach,Great Britain,Artistic Gymnastics
MEIJER Eric,Assistant Coach,Netherlands,Volleyball
KOSLOWSKI Felix,Head Coach,Netherlands,Volleyball
FERRER CUTINO Gil,Assistant Coach,Netherlands,Volleyball
IVEY Royal,Coach,South Sudan,Basketball
KOUDI Mandela,Coach,South Sudan,Basketball
CHIEJINE Ann,Assistant Coach,Nigeria,Football
KULESZA Kasia,Coach,Canada,Artistic Swimming
MORGAN Kerri,Coach,Canada,Artistic Swimming
VOLOSHYNA Anna,Coach,Canada,Artistic Swimming
YAKHNO Yelyzaveta,Coach,Canada,Artistic Swimming
SAWADOGO Rasmane,Coach,Burkina Faso,Taekwondo
BAUR Steve,Assistant Coach,Canada,Basketball
BJORKGREN Nate,Assistant Coach,Canada,Basketball
CLARKE Carly,Coach,Canada,Basketball
FERNANDEZ Jordi,Coach,Canada,Basketball
LAPENA Victor,Coach,Canada,Basketball
MITCHELL Nathaniel,Assistant Coach,Canada,Basketball
N'DONG Boniface,Coach,Canada,Basketball
PAGE Murriel,Coach,Canada,Basketball
QUINN Noelle,Assistant Coach,Canada,Basketball
DENG Luol,Assistant Coach,South Sudan,Basketball
CASTANEDA Allen Aldrin,Coach,Philippines,Artistic Gymnastics
HRYBANOV Andrii,Coach,Israel,Artistic Gymnastics
GRIFFETH Garrett Stephen,Coach,Philippines,Artistic Gymnastics
ABAD EXPOSITO Iker Miquel,Coach,Ireland,Taekwondo
WALDRUM Randy,Head Coach,Nigeria,Football
DIAWARA Kaba,Head Coach,Guinea,Football
CAPELLI Claudio,Coach,Switzerland,Artistic Gymnastics
GUELZEC Laurent,Coach,Switzerland,Artistic Gymnastics
KISTLER Frank,Coach,Switzerland,Artistic Gymnastics
MUNOZ BENITEZ Fernando,Head Coach,Egypt,Volleyball
KIM Myong Hwa,Coach,DPR Korea,Artistic Gymnastics
TRAJKOVIC Ivan Konrad,Coach,Slovenia,Taekwondo
PAVLIC Aljaz,Assistant Coach,Slovenia,Handball
MIJATOVIC Branka,Assistant Coach,Slovenia,Handball
ADZIC Dragan,Head Coach,Slovenia,Handball
DROZHANOVA Elena,Coach,Slovenia,Rhythmic Gymnastics
CRETU Gheorghe,Head Coach,Slovenia,Volleyball
DIVKOVIC Goran,Coach,Slovenia,Taekwondo
ZVIZEJ Luka,Assistant Coach,Slovenia,Handball
de CECCO Matteo,Assistant Coach,Slovenia,Volleyball
RETELJ Natasa,Coach,Slovenia,Artistic Gymnastics
ZORMAN Uros,Head Coach,Slovenia,Handball
KEDACIC Zoran,Assistant Coach,Slovenia,Volleyball
MUGANGUZI Wani,Assistant Coach,Nigeria,Basketball
FITZGERALD David,Coach,Ireland,Hockey
BAM Jenna,Head Coach,South Africa,Rugby Sevens
FALAHATGAR ETMINANI Davoud,Coach,Bulgaria,Taekwondo
PETROVIC Aleksandar,Coach,Brazil,Basketball
GORIATCHKINE Ivan,Coach,Philippines,Artistic Gymnastics
BASILE Leonardo,Coach,EOR,Taekwondo
VICTOR John,Coach,Nigeria,Taekwondo
DONNELLY Peter,Assistant Coach,Ireland,Rugby Sevens
CARSON Luke,Coach,Ireland,Artistic Gymnastics
GORBACHEV Stepan,Coach,Ukraine,Artistic Gymnastics
MARAJAN Sabit,Coach,South Sudan,Taekwondo
DIAWARA Fousseni,Assistant Coach,Guinea,Football
CAUKAUNIVALU Setefano,Assistant Coach,Fiji,Rugby Sevens
GRANDES Pablo,Assistant Coach,Iraq,Football
FONG Lerissa,Head Coach,Samoa,Rugby Sevens
POMARE Sapani,Head Coach,Samoa,Rugby Sevens
FAALUPEGA Avii,Head Coach,Samoa,Rugby Sevens
DAVID EP CHIRILCENCO Georgeta,Coach,Algeria,Artistic Gymnastics
ELZEFTAWEY Tarek,Assistant Coach,Egypt,Volleyball
GAARENSTROOM Jordan Jon,Coach,Syria,Artistic Gymnastics
PROST KOSIR Primoz,Assistant Coach,Slovenia,Handball
TRAORE Alioune,Coach,Mali,Taekwondo
COCCIA Kristina,Coach,Haiti,Artistic Gymnastics
KAMKASOUMPHOU Ekvara,Coach,Mali,Taekwondo
KHAJAVI Naeima,Coach,Egypt,Taekwondo
LAWSON Franck,Coach,Burkina Faso,Taekwondo
Mc DONALD Janelle Leigh,Coach,Philippines,Artistic Gymnastics
QUESNEL Yannick,Goalkeeper Coach,Guinea,Football
TANSKANEN Juha Petteri,Coach,Syria,Artistic Gymnastics
CHOUBA Jaouad,Coach,Guinea-Bissau,Taekwondo
HERDEIRO Alvaro Francisco,Assistant Coach,Brazil,Handball
MAROJA Gabriel Augusto,Assistant Coach,Brazil,Handball
ALONSO BERNARDO Jessica,Assistant Coach,Spain,Handball
LARSSON Thomas Erik Daniel,Assistant Coach,Netherlands,Handball
CAROU Gonzalo,Assistant Coach,Argentina,Handball
CAZON Guillermo,Assistant Coach,Argentina,Handball
CAAMANO Juan,Assistant Coach,Spain,Handball
TORRESCUSA Ignacio,Assistant Coach,Spain,Handball
GJERDE Joar,Assistant Coach,Norway,Handball
BONDAR Vladyslav,Coach,Burkina Faso,Taekwondo
CICHELLO Juan Manuel,Assistant Coach,Italy,Volleyball
VASSILIADES Emmanuel,Assistant Coach,Greece,Water Polo
